1,Sofía,Torres,DevOps Engineer,Madrid,29128
2,María,Romero,Ingeniero de Software,Barcelona,43814
3,Pedro,Martínez,Científico de Datos,Barcelona,19010
4,Carlos,Sánchez,Ingeniero de Software,Zaragoza,41165
5,Diego,Martínez,Científico de Datos,Zaragoza,25191
6,Luis,Díaz,Desarrollador Backend,Zaragoza,28856
7,Pedro,Martín,DevOps Engineer,Valencia,500000
8,Isabel,Martín,Desarrollador Frontend,Barcelona,45204
9,Sofía,García,Desarrollador Frontend,Zaragoza,36780
10,María,Fernández,DevOps Engineer,Sevilla,41468
11,Pedro,Fernández,Desarrollador Frontend,Granada,31925
12,Sofía,Torres,Desarrollador Frontend,Madrid,25851
13,Miguel,Álvarez,Desarrollador Frontend,Valencia,43348
14,Raúl,Gómez,Científico de Datos,Toledo,36624
15,Isabel,Alonso,,Madrid,24164
16,Paula,Navarro,DevOps Engineer,Salamanca,21726
17,Carlos,Moreno,Ingeniero de Software,Málaga,25172
18,María,Moreno,Desarrollador Frontend,Valencia,48174
19,Juan,Moreno,Desarrollador Frontend,Madrid,43372
20,Carlos,López,Científico de Datos,Madrid,34856
21,Ana,Sánchez,Científico de Datos,Madrid,22183
22,Clara,Fernández,Desarrollador Frontend,Sevilla,37727
23,Raúl,Navarro,Ingeniero de Software,Toledo,33264
24,Andrés,Álvarez,Desarrollador Frontend,Salamanca,27272
25,Fernando,Torres,,Madrid,32442
26,Juan,Romero,Desarrollador Backend,Valencia,21963
27,Carmen,Torres,Ingeniero de Software,Granada,42058
28,Juan,Romero,DevOps Engineer,Sevilla,38013
29,Fernando,Gutiérrez,DevOps Engineer,Granada,33849
30,Fernando,Fernández,Desarrollador Backend,bilbao,23383
31,Juan,Moreno,Desarrollador Frontend,Bilbao,41922
32,Luis,Fernández,DevOps Engineer,Toledo,22698
33,María,Torres,Científico de Datos,Málaga,24422
34,Laura,Álvarez,DevOps Engineer,Granada,38473
35,Isabel,Jiménez,DevOps Engineer,Zaragoza,22693
36,Juan,Fernández,Desarrollador Frontend,Toledo,47499
37,Paula,Díaz,Ingeniero de Software,Sevilla,19863
38,Carlos,Ruiz,Desarrollador Frontend,Málaga,31485
39,Clara,Hernández,DevOps Engineer,madrid,20474
40,Isabel,García,Ingeniero de Software,Bilbao,32220
41,María,Alonso,Ingeniero de Software,Valencia,30148
42,Clara,Álvarez,Científico de Datos,Bilbao,28549
43,Andrés,Gómez,Desarrollador Frontend,Bilbao,37859
44,Lucía,Romero,Científico de Datos,Valencia,23956
45,Fernando,Alonso,DevOps Engineer,Málaga,26059
46,Raúl,Álvarez,Desarrollador Frontend,Valencia,40626
47,Lucía,Moreno,Científico de Datos,Málaga,19484
48,Pedro,Álvarez,DevOps Engineer,Sevilla,45628
49,María,Martínez,Desarrollador Backend,Málaga,44450
50,Lucía,Ruiz,Desarrollador Frontend,Barcelona,23780
51,Andrés,Muñoz,DevOps Engineer,Zaragoza,24843
52,Raúl,Jiménez,Desarrollador Frontend,Valencia,43062
53,Ana,Gutiérrez,Desarrollador Frontend,Zaragoza,39933
54,María,Gutiérrez,DevOps Engineer,Madrid,44068
55,Lucía,López,Desarrollador Backend,Sevilla,42799
56,Lucía,Martín,Desarrollador Backend,Bilbao,42855
57,María,Romero,Desarrollador Frontend,Barcelona,34467
58,Raúl,Álvarez,DevOps Engineer,Bilbao,28413
59,Sofía,Moreno,Desarrollador Backend,Toledo,43107
60,Clara,Díaz,Desarrollador Backend,Bilbao,45653
61,Pedro,Gómez,Desarrollador Frontend,Bilbao,37209
62,Elena,Pérez,Científico de Datos,Valencia,36295
63,Lucía,Moreno,Desarrollador Frontend,Barcelona,23814
64,Clara,Pérez,Científico de Datos,Madrid,18514
65,Miguel,Jiménez,Desarrollador Frontend,Sevilla,22731
66,Jorge,Hernández,Ingeniero de Software,Valencia,18878
67,Juan,Díaz,Ingeniero de Software,Madrid,39464
68,Diego,Fernández,Desarrollador Backend,Toledo,23922
69,Diego,Martín,Desarrollador Backend,Salamanca,26182
70,Sofía,García,Desarrollador Frontend,Madrid,47634
71,Ana,Gómez,Ingeniero de Software,Granada,41313
72,Sofía,Gutiérrez,Ingeniero de Software,Barcelona,24311
73,Andrés,Martínez,Científico de Datos,Granada,49087
74,Isabel,Muñoz,Desarrollador Backend,Salamanca,34395
75,Miguel,Ruiz,Ingeniero de Software,Granada,32232
76,Raúl,Romero,Desarrollador Backend,Toledo,29851
77,Lucía,Gómez,Ingeniero de Software,Granada,28622
78,Carlos,Alonso,Desarrollador Backend,Zaragoza,18353
79,Jorge,García,DevOps Engineer,Barcelona,31004
80,Fernando,Muñoz,Ingeniero de Software,Zaragoza,20344
81,Paula,Jiménez,Científico de Datos,Barcelona,28270
82,Pedro,Torres,Científico de Datos,Zaragoza,30803
83,Jorge,Alonso,Científico de Datos,Zaragoza,21674
84,Pedro,Navarro,DevOps Engineer,Granada,42851
85,Clara,Romero,Científico de Datos,Málaga,22543
86,Elena,Hernández,Desarrollador Backend,Salamanca,23385
87,Fernando,Hernández,DevOps Engineer,Bilbao,28003
88,Laura,López,Desarrollador Frontend,Granada,49435
89,Miguel,Díaz,Desarrollador Backend,Salamanca,45937
90,Lucía,Gutiérrez,Ingeniero de Software,Barcelona,23503
91,Elena,Alonso,Ingeniero de Software,Barcelona,20385
92,Lucía,Sánchez,Científico de Datos,Sevilla,19405
93,Elena,Torres,DevOps Engineer,Granada,46835
94,Luis,Ruiz,DevOps Engineer,Madrid,22190
95,María,Alonso,Científico de Datos,Sevilla,37135
96,Carlos,Torres,Desarrollador Frontend,Granada,38078
97,Paula,Torres,Desarrollador Backend,Bilbao,27085
98,Jorge,Álvarez,Ingeniero de Software,Madrid,33609
99,Paula,Alonso,DevOps Engineer,Valencia,22122
100,Laura,Hernández,DevOps Engineer,Madrid,25810
101,Isabel,García,DevOps Engineer,Málaga,45500
102,Ana,Jiménez,Desarrollador Frontend,Bilbao,41325
103,Luis,Gómez,Desarrollador Backend,Málaga,33200
104,Raúl,Muñoz,Desarrollador Frontend,Sevilla,46834
105,Jorge,Martín,Ingeniero de Software,Málaga,45810
106,Jorge,García,Desarrollador Backend,Málaga,44087
107,Juan,Fernández,DevOps Engineer,Zaragoza,21285
108,Diego,Sánchez,Desarrollador Frontend,Madrid,28083
109,Juan,Fernández,Desarrollador Frontend,Madrid,24756
110,Luis,Martínez,DevOps Engineer,Sevilla,30275
111,Raúl,Torres,Ingeniero de Software,Bilbao,35226
112,María,García,DevOps Engineer,Valencia,44546
113,Diego,Jiménez,DevOps Engineer,Madrid,35628
114,Lucía,Sánchez,Desarrollador Backend,Bilbao,41558
115,Carmen,Martín,Desarrollador Frontend,Sevilla,22319
116,Laura,Jiménez,DevOps Engineer,Málaga,31267
117,Andrés,Alonso,Desarrollador Backend,Salamanca,32675
118,Carmen,Muñoz,Científico de Datos,Salamanca,24106
119,María,Fernández,Científico de Datos,Madrid,39419
120,Lucía,Moreno,Desarrollador Frontend,Salamanca,43682
121,Raúl,Jiménez,Desarrollador Backend,Granada,43108
122,Clara,Martínez,Desarrollador Frontend,Valencia,20594
123,Pedro,Torres,DevOps Engineer,Valencia,46521
124,Pedro,Gutiérrez,Desarrollador Backend,Madrid,47323
125,Laura,Hernández,Ingeniero de Software,Málaga,29378
126,Sofía,García,Ingeniero de Software,Madrid,28208
127,Raúl,Díaz,Desarrollador Frontend,Granada,21210
128,Jorge,Gutiérrez,Ingeniero de Software,Málaga,19551
129,Clara,López,Científico de Datos,Valencia,31078
130,Sofía,Díaz,Desarrollador Backend,Granada,33228
131,Raúl,Álvarez,DevOps Engineer,Sevilla,20760
132,Pedro,Muñoz,Ingeniero de Software,Salamanca,44789
133,Laura,Alonso,Desarrollador Frontend,Barcelona,45518
134,Carmen,Álvarez,Ingeniero de Software,Sevilla,26046
135,Jorge,Díaz,DevOps Engineer,Málaga,49176
136,Pedro,Moreno,Ingeniero de Software,Toledo,23602
137,María,Martínez,Desarrollador Backend,Toledo,31646
138,Lucía,Moreno,Desarrollador Backend,Málaga,25371
139,Carmen,Martínez,Desarrollador Backend,Granada,22051
140,Juan,Gutiérrez,Ingeniero de Software,Valencia,31290
141,Laura,Moreno,DevOps Engineer,Toledo,23379
142,Lucía,Sánchez,Desarrollador Backend,Valencia,22653
143,Diego,Díaz,Científico de Datos,Toledo,38472
144,María,Pérez,Desarrollador Backend,Madrid,18403
145,Isabel,Gómez,Ingeniero de Software,Granada,41093
146,Carlos,Navarro,Científico de Datos,Valencia,25504
147,Luis,Álvarez,Científico de Datos,Zaragoza,38889
148,Fernando,López,DevOps Engineer,Barcelona,33375
149,Isabel,Gómez,Ingeniero de Software,Salamanca,48395
150,Carlos,Pérez,DevOps Engineer,Toledo,28872
151,Pedro,Muñoz,DevOps Engineer,Sevilla,46115
152,Fernando,Gutiérrez,Ingeniero de Software,Madrid,27481
153,Diego,García,Desarrollador Frontend,Valencia,33724
154,Elena,Navarro,Desarrollador Frontend,Sevilla,20796
155,María,Martínez,Ingeniero de Software,Valencia,25922
156,Luis,Díaz,Desarrollador Backend,Barcelona,30060
157,Andrés,Martín,DevOps Engineer,Granada,46726
158,Clara,Romero,Desarrollador Frontend,Valencia,31213
159,Carlos,Jiménez,Ingeniero de Software,Salamanca,21279
160,Juan,García,Desarrollador Backend,Barcelona,39518
161,Paula,Gutiérrez,Desarrollador Frontend,Zaragoza,28894
162,Carlos,Sánchez,Científico de Datos,Zaragoza,21144
163,Raúl,Torres,Desarrollador Frontend,Toledo,30404
164,Elena,García,Científico de Datos,Valencia,24590
165,Sofía,Muñoz,DevOps Engineer,Barcelona,28070
166,Fernando,Jiménez,Desarrollador Frontend,Zaragoza,39348
167,Laura,Martínez,Científico de Datos,Bilbao,34699
168,Diego,Gutiérrez,Científico de Datos,Toledo,45136
169,Juan,Moreno,DevOps Engineer,Madrid,23960
170,Pedro,Moreno,Ingeniero de Software,Madrid,36648
171,Diego,López,DevOps Engineer,Sevilla,42768
172,Diego,Hernández,Desarrollador Frontend,Barcelona,26423
173,Sofía,Moreno,Ingeniero de Software,Madrid,47159
174,Diego,Hernández,Desarrollador Backend,Salamanca,21333
175,Carmen,Gómez,Ingeniero de Software,Madrid,44326
176,Paula,López,Desarrollador Frontend,Madrid,37327
177,Isabel,Gómez,Ingeniero de Software,Salamanca,23719
178,Elena,Pérez,Desarrollador Backend,Bilbao,36567
179,Miguel,Muñoz,Desarrollador Backend,Valencia,46602
180,Luis,Álvarez,Científico de Datos,Málaga,27010
181,Clara,Gómez,Ingeniero de Software,Salamanca,39658
182,Raúl,Martín,Ingeniero de Software,Valencia,48157
183,Jorge,Álvarez,Ingeniero de Software,Málaga,42795
184,Lucía,Pérez,Ingeniero de Software,Salamanca,48805
185,Laura,Ruiz,Desarrollador Backend,Zaragoza,31890
186,Miguel,Martín,Desarrollador Backend,Barcelona,24557
187,Fernando,Alonso,Desarrollador Frontend,Madrid,29636
188,Elena,Díaz,Desarrollador Frontend,Toledo,36438
189,Andrés,Ruiz,Desarrollador Frontend,Zaragoza,49483
190,Isabel,Romero,Científico de Datos,Barcelona,21429
191,Isabel,Muñoz,Desarrollador Frontend,Zaragoza,26439
192,Sofía,Torres,Ingeniero de Software,Zaragoza,38869
193,Lucía,Díaz,Desarrollador Frontend,Málaga,46983
194,Elena,Torres,DevOps Engineer,Granada,37659
195,Ana,Jiménez,Desarrollador Frontend,Sevilla,46654
196,Carlos,Gómez,Ingeniero de Software,Granada,23779
197,Juan,Romero,Desarrollador Frontend,Valencia,40570
198,Carlos,García,Ingeniero de Software,Toledo,38748
199,Isabel,Martín,Ingeniero de Software,Salamanca,36529
200,Jorge,Navarro,DevOps Engineer,Sevilla,31988
201,Carlos,Jiménez,Ingeniero de Software,Zaragoza,32763
202,Andrés,García,Científico de Datos,Salamanca,34961
203,Luis,Martínez,Ingeniero de Software,Zaragoza,32962
204,Diego,Álvarez,Desarrollador Frontend,Málaga,30637
205,Sofía,Hernández,DevOps Engineer,Granada,46617
206,Juan,Jiménez,Desarrollador Backend,Madrid,37291
207,Laura,Navarro,Científico de Datos,Salamanca,28876
208,Elena,Fernández,Desarrollador Backend,Granada,21722
209,Jorge,Martínez,Desarrollador Frontend,Valencia,19977
210,Miguel,Alonso,Científico de Datos,Zaragoza,20180
211,Andrés,Gutiérrez,Científico de Datos,Salamanca,26148
212,Diego,Sánchez,DevOps Engineer,Barcelona,40564
213,Isabel,López,Desarrollador Frontend,Salamanca,41450
214,Fernando,Torres,Ingeniero de Software,Málaga,38016
215,Andrés,Martín,Desarrollador Backend,Málaga,48817
216,Andrés,Gutiérrez,Desarrollador Frontend,Barcelona,22689
217,Andrés,Martínez,Científico de Datos,Granada,23932
218,Juan,Jiménez,DevOps Engineer,Granada,34845
219,María,Díaz,DevOps Engineer,Bilbao,31872
220,Raúl,Gutiérrez,DevOps Engineer,Granada,44784
221,Isabel,Gutiérrez,Científico de Datos,Bilbao,42187
222,Lucía,Pérez,DevOps Engineer,Salamanca,29295
223,Ana,Gómez,Científico de Datos,Salamanca,33195
224,Carmen,Gutiérrez,DevOps Engineer,Salamanca,21096
225,Elena,Gómez,Desarrollador Frontend,Zaragoza,36315
226,Pedro,Alonso,Desarrollador Frontend,Valencia,20518
227,Fernando,Torres,Ingeniero de Software,Barcelona,49858
228,Pedro,Pérez,Desarrollador Frontend,Salamanca,38666
229,Isabel,García,DevOps Engineer,Zaragoza,18809
230,María,Martín,Ingeniero de Software,Madrid,45961
231,Raúl,Díaz,Ingeniero de Software,Zaragoza,42606
232,Pedro,Moreno,DevOps Engineer,Sevilla,33795
233,Sofía,Fernández,Ingeniero de Software,Sevilla,27417
234,María,Romero,Científico de Datos,Zaragoza,36764
235,Pedro,Gutiérrez,DevOps Engineer,Sevilla,20569
236,Clara,Jiménez,Desarrollador Backend,Toledo,19037
237,Jorge,Torres,Científico de Datos,Toledo,23749
238,Elena,Jiménez,Ingeniero de Software,Salamanca,28191
239,Pedro,Hernández,Científico de Datos,Málaga,35624
240,Elena,Romero,Desarrollador Backend,Sevilla,21370
241,Luis,Gutiérrez,Desarrollador Backend,Zaragoza,37014
242,Pedro,Gutiérrez,DevOps Engineer,Toledo,44795
243,Juan,Ruiz,Ingeniero de Software,Zaragoza,31055
244,Carlos,López,DevOps Engineer,Barcelona,35230
245,Pedro,Jiménez,DevOps Engineer,Granada,48761
246,Juan,Martín,Desarrollador Frontend,Bilbao,45655
247,Sofía,López,Ingeniero de Software,Sevilla,19826
248,Clara,Fernández,DevOps Engineer,Salamanca,30809
249,Laura,Gómez,DevOps Engineer,Málaga,28855
250,Lucía,Martín,Científico de Datos,Bilbao,38986
251,Jorge,Fernández,Desarrollador Frontend,Toledo,33403
252,Paula,García,Desarrollador Backend,Madrid,40032
253,Andrés,Gutiérrez,Desarrollador Frontend,Granada,30279
254,Jorge,Martín,Ingeniero de Software,Granada,27717
255,Andrés,Fernández,Ingeniero de Software,Sevilla,36508
256,María,Sánchez,Desarrollador Backend,Toledo,41820
257,Juan,Gómez,Ingeniero de Software,Bilbao,46404
258,Elena,Martín,Científico de Datos,Málaga,43811
259,Laura,López,Científico de Datos,Valencia,23747
260,Luis,García,DevOps Engineer,Madrid,41627
261,Laura,Navarro,Científico de Datos,Salamanca,18925
262,Isabel,Gutiérrez,Desarrollador Backend,Madrid,38172
263,Clara,Álvarez,Desarrollador Frontend,Sevilla,26141
264,Isabel,Ruiz,Desarrollador Backend,Salamanca,28763
265,Raúl,Martínez,Desarrollador Frontend,Sevilla,30504
266,Juan,Alonso,Desarrollador Frontend,Bilbao,33192
267,Pedro,Torres,Desarrollador Backend,Sevilla,46062
268,Andrés,Alonso,Desarrollador Frontend,Toledo,39191
269,Luis,Jiménez,Desarrollador Backend,Bilbao,42306
270,Laura,García,Desarrollador Backend,Sevilla,23122
271,Juan,Torres,Científico de Datos,Salamanca,20275
272,Diego,Navarro,Desarrollador Backend,Valencia,42179
273,Paula,Díaz,Científico de Datos,Zaragoza,27061
274,Paula,Hernández,Ingeniero de Software,Bilbao,36519
275,Isabel,Alonso,Científico de Datos,Granada,26990
276,Raúl,García,Científico de Datos,Valencia,25888
277,Sofía,Navarro,Científico de Datos,Toledo,20907
278,Pedro,Hernández,Ingeniero de Software,Sevilla,18169
279,Ana,Fernández,Desarrollador Frontend,Sevilla,20653
280,Carlos,Torres,Ingeniero de Software,Madrid,46760
281,Andrés,Romero,Desarrollador Frontend,Sevilla,36099
282,Ana,Martínez,Ingeniero de Software,Zaragoza,45616
283,Diego,Ruiz,Científico de Datos,Salamanca,27563
284,Elena,García,Desarrollador Frontend,Granada,36125
285,Juan,Torres,Ingeniero de Software,Zaragoza,37877
286,Carmen,Moreno,Científico de Datos,Salamanca,24121
287,Isabel,García,Desarrollador Frontend,Bilbao,33764
288,Diego,Martín,Desarrollador Backend,Barcelona,19519
289,Fernando,Jiménez,Desarrollador Backend,Barcelona,25536
290,Fernando,Díaz,DevOps Engineer,Málaga,40617
291,María,Hernández,DevOps Engineer,Bilbao,47006
292,Diego,Hernández,Desarrollador Frontend,Málaga,23921
293,Carlos,Romero,Desarrollador Frontend,Sevilla,27120
294,Carlos,Hernández,Desarrollador Frontend,Zaragoza,32307
295,Sofía,Martín,Desarrollador Backend,Barcelona,45934
296,Carmen,Gómez,Científico de Datos,Granada,37603
297,Miguel,Sánchez,Ingeniero de Software,Granada,30555
298,Elena,Alonso,Ingeniero de Software,Toledo,40403
299,Isabel,García,DevOps Engineer,Zaragoza,42018
300,Jorge,Díaz,Científico de Datos,Toledo,48617
301,Isabel,Pérez,Ingeniero de Software,Málaga,34009
302,Luis,Martínez,Científico de Datos,Zaragoza,44477
303,Jorge,López,Científico de Datos,Granada,30308
304,Laura,Pérez,DevOps Engineer,Barcelona,23044
305,Raúl,Gutiérrez,Desarrollador Backend,Bilbao,27578
306,Ana,Fernández,Científico de Datos,Sevilla,28486
307,Paula,Alonso,Ingeniero de Software,Toledo,44653
308,Diego,Sánchez,Ingeniero de Software,Barcelona,47403
309,Clara,Moreno,Científico de Datos,Granada,39043
310,Lucía,Sánchez,Ingeniero de Software,Málaga,22712
311,Diego,Martínez,Desarrollador Backend,Sevilla,45152
312,María,García,DevOps Engineer,Barcelona,24733
313,Carmen,Martínez,Ingeniero de Software,Zaragoza,41965
314,Lucía,Muñoz,Científico de Datos,Bilbao,27382
315,Elena,Martínez,Ingeniero de Software,Bilbao,30479
316,Andrés,Gómez,DevOps Engineer,Barcelona,31380
317,Andrés,Sánchez,Científico de Datos,Salamanca,31909
318,María,López,Científico de Datos,Sevilla,28386
319,Raúl,Martínez,Ingeniero de Software,Toledo,26656
320,Miguel,Hernández,Desarrollador Frontend,Málaga,43229
321,Isabel,López,Científico de Datos,Bilbao,24814
322,Clara,Hernández,Ingeniero de Software,Sevilla,29816
323,Fernando,López,DevOps Engineer,Bilbao,48975
324,Andrés,Díaz,Desarrollador Backend,Sevilla,20092
325,Isabel,Jiménez,Ingeniero de Software,Toledo,46738
326,María,García,Ingeniero de Software,Madrid,34202
327,Raúl,Muñoz,Desarrollador Frontend,Salamanca,43011
328,Lucía,Fernández,Ingeniero de Software,Toledo,30135
329,Carmen,Gutiérrez,Desarrollador Backend,Barcelona,39943
330,María,López,Desarrollador Backend,Bilbao,32993
331,Carlos,Díaz,DevOps Engineer,Toledo,26922
332,Carmen,Álvarez,Desarrollador Frontend,Málaga,33020
333,Fernando,Ruiz,Desarrollador Frontend,Madrid,42280
334,Elena,Sánchez,Científico de Datos,Toledo,39761
335,María,Muñoz,Ingeniero de Software,Granada,36036
336,Juan,Fernández,DevOps Engineer,Bilbao,36130
337,Carlos,Hernández,Desarrollador Backend,Granada,40495
338,María,Martín,Desarrollador Backend,Bilbao,45159
339,Carlos,Martín,Científico de Datos,Barcelona,47973
340,Juan,Fernández,Desarrollador Backend,Salamanca,30736
341,Isabel,Martín,Científico de Datos,Zaragoza,27362
342,Carmen,Gómez,Desarrollador Frontend,Sevilla,29894
343,María,Gutiérrez,Ingeniero de Software,Barcelona,23239
344,Diego,Romero,Desarrollador Backend,Madrid,28321
345,Miguel,Romero,Ingeniero de Software,Málaga,26020
346,Jorge,Fernández,Ingeniero de Software,Sevilla,25856
347,Diego,Martín,DevOps Engineer,Granada,32592
348,Clara,Alonso,Ingeniero de Software,Salamanca,36817
349,Paula,Alonso,Científico de Datos,Salamanca,32278
350,Isabel,Martínez,Científico de Datos,Granada,21478
351,Miguel,García,DevOps Engineer,Zaragoza,23285
352,Luis,Álvarez,Desarrollador Backend,Bilbao,28608
353,Andrés,Álvarez,Científico de Datos,Valencia,45162
354,Laura,Torres,Científico de Datos,Valencia,25255
355,Carlos,Díaz,Ingeniero de Software,Toledo,35309
356,Lucía,Sánchez,DevOps Engineer,Sevilla,47262
357,Lucía,Jiménez,Desarrollador Backend,Barcelona,49007
358,Lucía,Díaz,Científico de Datos,Granada,44310
359,María,Torres,DevOps Engineer,Barcelona,32105
360,Pedro,Torres,Ingeniero de Software,Toledo,25190
361,Paula,Jiménez,DevOps Engineer,Salamanca,47976
362,Ana,Díaz,Ingeniero de Software,Málaga,49994
363,Miguel,Díaz,Desarrollador Backend,Granada,46184
364,Isabel,Jiménez,DevOps Engineer,Málaga,47869
365,Pedro,Álvarez,Desarrollador Backend,Sevilla,31216
366,Paula,Muñoz,Desarrollador Frontend,Bilbao,39346
367,Paula,Ruiz,Desarrollador Backend,Sevilla,29086
368,Sofía,Gómez,DevOps Engineer,Zaragoza,37552
369,Laura,Moreno,Ingeniero de Software,Valencia,45538
370,Isabel,Hernández,Científico de Datos,Barcelona,45855
371,Jorge,Ruiz,Desarrollador Backend,Barcelona,31932
372,Sofía,Martín,Científico de Datos,Zaragoza,38764
373,Miguel,Fernández,Desarrollador Frontend,Valencia,26110
374,Raúl,Martínez,Desarrollador Frontend,Sevilla,20148
375,Clara,López,DevOps Engineer,Barcelona,30700
376,Lucía,Gómez,DevOps Engineer,Salamanca,30075
377,Miguel,Martín,DevOps Engineer,Bilbao,45641
378,Raúl,Jiménez,Desarrollador Frontend,Toledo,41912
379,Ana,Álvarez,DevOps Engineer,Sevilla,46078
380,Pedro,Jiménez,DevOps Engineer,Granada,35156
381,Carlos,Gómez,Desarrollador Backend,Granada,28723
382,Clara,López,Desarrollador Frontend,Toledo,21597
383,Carmen,Díaz,Desarrollador Backend,Zaragoza,40088
384,Jorge,Navarro,Desarrollador Backend,Sevilla,32270
385,Andrés,Álvarez,Desarrollador Frontend,Salamanca,29851
386,Pedro,Moreno,DevOps Engineer,Zaragoza,37058
387,Elena,Navarro,DevOps Engineer,Zaragoza,42689
388,Paula,Pérez,DevOps Engineer,Barcelona,45987
389,Carlos,Romero,DevOps Engineer,Málaga,20397
390,Paula,Navarro,Desarrollador Frontend,Sevilla,35172
391,Isabel,García,Ingeniero de Software,Granada,18695
392,Andrés,Hernández,Científico de Datos,Bilbao,38865
393,Ana,Fernández,DevOps Engineer,Barcelona,46033
394,Isabel,Fernández,DevOps Engineer,Madrid,33623
395,Sofía,Hernández,Ingeniero de Software,Sevilla,43964
396,Andrés,Romero,Desarrollador Backend,Bilbao,42074
397,Luis,Díaz,Ingeniero de Software,Valencia,24274
398,Clara,García,DevOps Engineer,Sevilla,21639
399,Carmen,Pérez,Científico de Datos,Granada,49450
400,Lucía,Moreno,Desarrollador Frontend,Valencia,27550
401,Raúl,Ruiz,DevOps Engineer,Granada,32141
402,Luis,Sánchez,DevOps Engineer,Barcelona,28648
403,Pedro,López,DevOps Engineer,Salamanca,36471
404,Isabel,Martínez,DevOps Engineer,Valencia,42934
405,Elena,Martín,Científico de Datos,Madrid,41969
406,Fernando,Torres,Desarrollador Backend,Zaragoza,44748
407,Pedro,Díaz,Desarrollador Backend,Toledo,28687
408,Laura,Sánchez,Desarrollador Backend,Barcelona,27635
409,Jorge,Alonso,Desarrollador Backend,Barcelona,35350
410,Ana,Gómez,Desarrollador Frontend,Zaragoza,37171
411,Laura,Sánchez,DevOps Engineer,Barcelona,25061
412,Paula,Sánchez,Desarrollador Frontend,Sevilla,38370
413,Clara,Díaz,Ingeniero de Software,Madrid,29537
414,Fernando,Muñoz,Desarrollador Frontend,Zaragoza,37294
415,Fernando,Torres,Desarrollador Backend,Málaga,26461
416,Isabel,Martín,Ingeniero de Software,Bilbao,27976
417,Raúl,Jiménez,Científico de Datos,Granada,29780
418,Pedro,Alonso,Científico de Datos,Madrid,20685
419,Carmen,Pérez,Desarrollador Backend,Valencia,32705
420,Carlos,Muñoz,Desarrollador Frontend,Málaga,31965
421,Lucía,Pérez,Desarrollador Frontend,Granada,33700
422,Luis,Gómez,Desarrollador Frontend,Toledo,36572
423,Isabel,Pérez,Científico de Datos,Barcelona,31377
424,Miguel,Fernández,Desarrollador Backend,Madrid,44069
425,María,Jiménez,Desarrollador Frontend,Zaragoza,38945
426,Ana,Álvarez,DevOps Engineer,Málaga,24242
427,Jorge,Ruiz,Ingeniero de Software,Granada,40338
428,Carlos,Moreno,Ingeniero de Software,Barcelona,34046
429,Elena,López,DevOps Engineer,Zaragoza,39861
430,Laura,Gómez,DevOps Engineer,Málaga,26379
431,Fernando,Romero,Desarrollador Backend,Bilbao,38658
432,María,Muñoz,Científico de Datos,Sevilla,32098
433,María,Romero,Desarrollador Backend,Granada,31331
434,Juan,López,Desarrollador Backend,Madrid,21893
435,Pedro,Moreno,Ingeniero de Software,Barcelona,40505
436,Juan,Hernández,DevOps Engineer,Madrid,40459
437,Carmen,Álvarez,Desarrollador Frontend,Valencia,34718
438,Sofía,Hernández,Ingeniero de Software,Toledo,29620
439,Lucía,Torres,Desarrollador Backend,Granada,47865
440,Sofía,Martínez,Desarrollador Frontend,Salamanca,29884
441,Andrés,Jiménez,Ingeniero de Software,Valencia,20431
442,Laura,Martín,Científico de Datos,Bilbao,34199
443,Pedro,Navarro,Científico de Datos,Toledo,33538
444,Paula,Muñoz,Desarrollador Backend,Barcelona,41954
445,Miguel,Gutiérrez,Desarrollador Backend,Zaragoza,43437
446,Isabel,Gómez,Científico de Datos,Valencia,24548
447,Laura,Torres,Científico de Datos,Zaragoza,41114
448,Sofía,Alonso,Científico de Datos,Málaga,29848
449,Lucía,Martín,Desarrollador Frontend,Zaragoza,33993
450,Fernando,Hernández,Desarrollador Frontend,Bilbao,46716
451,Diego,Díaz,Desarrollador Backend,Málaga,42604
452,Fernando,Moreno,DevOps Engineer,Toledo,21493
453,Sofía,García,Científico de Datos,Madrid,48533
454,Andrés,Sánchez,Desarrollador Frontend,Madrid,42248
455,Fernando,García,Desarrollador Frontend,Madrid,18519
456,Diego,Pérez,Científico de Datos,Granada,24001
457,Jorge,Gómez,Ingeniero de Software,Zaragoza,48391
458,Diego,Sánchez,Ingeniero de Software,Zaragoza,21040
459,Paula,Pérez,Desarrollador Backend,Toledo,40361
460,María,Romero,Ingeniero de Software,Málaga,35837
461,Carmen,Sánchez,Desarrollador Frontend,Toledo,26184
462,Carmen,Fernández,DevOps Engineer,Madrid,34248
463,Miguel,Jiménez,DevOps Engineer,Valencia,44870
464,Andrés,Fernández,DevOps Engineer,Barcelona,33542
465,Luis,Ruiz,DevOps Engineer,Bilbao,21586
466,Diego,Jiménez,Ingeniero de Software,Barcelona,38552
467,Lucía,Romero,Desarrollador Frontend,Bilbao,30879
468,Luis,Pérez,Desarrollador Backend,Valencia,22329
469,Carlos,López,Ingeniero de Software,Sevilla,33691
470,Carlos,Romero,Desarrollador Frontend,Zaragoza,32183
471,Juan,Muñoz,Desarrollador Frontend,Toledo,31146
472,Diego,Alonso,Desarrollador Frontend,Granada,35969
473,Raúl,Alonso,Científico de Datos,Madrid,34569
474,Carlos,Gutiérrez,Ingeniero de Software,Toledo,30583
475,Pedro,Moreno,Desarrollador Frontend,Valencia,30392
476,Clara,Martínez,Desarrollador Frontend,Bilbao,23064
477,Carmen,Fernández,Científico de Datos,Granada,42017
478,Juan,Gutiérrez,Ingeniero de Software,Barcelona,48942
479,Juan,Martín,Científico de Datos,Toledo,40805
480,Raúl,Ruiz,DevOps Engineer,Granada,32998
481,Luis,Romero,Ingeniero de Software,Barcelona,31720
482,Diego,Ruiz,Desarrollador Backend,Granada,27442
483,Lucía,Pérez,DevOps Engineer,Salamanca,30789
484,Elena,Alonso,Desarrollador Backend,Málaga,40957
485,Carlos,García,Desarrollador Backend,Valencia,41376
486,Andrés,Romero,Desarrollador Backend,Sevilla,43103
487,Clara,García,Ingeniero de Software,Málaga,29025
488,Laura,Gutiérrez,Desarrollador Backend,Valencia,43600
489,Elena,Álvarez,Ingeniero de Software,Valencia,32413
490,Jorge,Romero,Desarrollador Frontend,Barcelona,49583
491,Andrés,Díaz,Desarrollador Frontend,Zaragoza,20039
492,Elena,Álvarez,Desarrollador Backend,Barcelona,45941
493,Paula,Muñoz,Desarrollador Backend,Málaga,41199
494,María,Álvarez,DevOps Engineer,Barcelona,33846
495,Raúl,García,Desarrollador Backend,Bilbao,40934
496,Pedro,López,Desarrollador Frontend,Sevilla,21678
497,Isabel,García,DevOps Engineer,Zaragoza,44670
498,María,Torres,Científico de Datos,Valencia,31970
499,Paula,Díaz,Desarrollador Frontend,Sevilla,24860
500,Jorge,García,DevOps Engineer,Málaga,21430
501,Jorge,Alonso,DevOps Engineer,Zaragoza,30237
502,Ana,Hernández,DevOps Engineer,Sevilla,47532
503,Jorge,Ruiz,Científico de Datos,Málaga,38959
504,Raúl,Muñoz,Ingeniero de Software,Toledo,44397
505,Juan,Martín,Desarrollador Frontend,Zaragoza,28658
506,Ana,Fernández,Ingeniero de Software,Madrid,41538
507,Jorge,Muñoz,Desarrollador Frontend,Madrid,49769
508,Ana,García,DevOps Engineer,Granada,47616
509,Paula,Fernández,Desarrollador Backend,Barcelona,30101
510,Isabel,Fernández,Desarrollador Backend,Madrid,26108
511,Juan,López,DevOps Engineer,Barcelona,22666
512,Elena,Martínez,Desarrollador Backend,Granada,49184
513,María,Fernández,DevOps Engineer,Toledo,41828
514,Isabel,Martínez,Ingeniero de Software,Madrid,43977
515,Diego,Muñoz,Científico de Datos,Granada,20429
516,Andrés,Torres,Científico de Datos,Zaragoza,38658
517,Carmen,Muñoz,Desarrollador Backend,Salamanca,27994
518,Carmen,Alonso,Ingeniero de Software,Málaga,36659
519,Pedro,Díaz,Ingeniero de Software,Toledo,43404
520,Lucía,Jiménez,Ingeniero de Software,Salamanca,32649
521,Miguel,Navarro,Desarrollador Backend,Zaragoza,41943
522,Elena,Romero,DevOps Engineer,Valencia,23721
523,Juan,Alonso,Científico de Datos,Barcelona,20093
524,Miguel,Alonso,Científico de Datos,Valencia,39965
525,Luis,Hernández,Científico de Datos,Málaga,46784
526,Luis,Torres,Desarrollador Frontend,Málaga,27668
527,Miguel,Moreno,Desarrollador Backend,Valencia,35859
528,María,Moreno,Desarrollador Frontend,Zaragoza,42908
529,María,García,Ingeniero de Software,Salamanca,31842
530,Carlos,Muñoz,Ingeniero de Software,Madrid,39878
531,Carmen,García,Científico de Datos,Málaga,37644
532,Andrés,Martín,Desarrollador Frontend,Toledo,35957
533,Carmen,Martínez,Científico de Datos,Madrid,40065
534,Carmen,Fernández,Ingeniero de Software,Barcelona,41419
535,Luis,Pérez,Desarrollador Backend,Madrid,49382
536,Carlos,Torres,Científico de Datos,Salamanca,43365
537,Raúl,Pérez,Desarrollador Backend,Salamanca,32142
538,Juan,Pérez,Ingeniero de Software,Valencia,43912
539,Carmen,Gómez,Científico de Datos,Bilbao,23861
540,Fernando,Martín,Ingeniero de Software,Salamanca,26073
541,Isabel,Moreno,DevOps Engineer,Zaragoza,25565
542,Luis,Alonso,Científico de Datos,Valencia,43663
543,Clara,Alonso,DevOps Engineer,Granada,37762
544,Elena,Navarro,Ingeniero de Software,Sevilla,39529
545,Jorge,Torres,DevOps Engineer,Madrid,47061
546,Miguel,Martín,Desarrollador Backend,Barcelona,49044
547,Lucía,Martínez,Desarrollador Frontend,Málaga,45233
548,Clara,Pérez,DevOps Engineer,Barcelona,26113
549,Elena,Alonso,Científico de Datos,Toledo,39879
550,Luis,Álvarez,Científico de Datos,Málaga,43837
551,Sofía,Romero,Desarrollador Backend,Málaga,49218
552,Juan,Gómez,Científico de Datos,Zaragoza,33033
553,Miguel,Jiménez,Ingeniero de Software,Salamanca,32458
554,Luis,Fernández,Científico de Datos,Zaragoza,46819
555,Carmen,Alonso,Científico de Datos,Salamanca,24478
556,Clara,Jiménez,Ingeniero de Software,Salamanca,25833
557,Sofía,Moreno,Desarrollador Frontend,Toledo,25006
558,Lucía,Moreno,Ingeniero de Software,Salamanca,30879
559,Fernando,Fernández,DevOps Engineer,Barcelona,21011
560,Diego,Álvarez,Desarrollador Frontend,Salamanca,31308
561,Lucía,Fernández,Científico de Datos,Zaragoza,39142
562,Sofía,Gutiérrez,Científico de Datos,Bilbao,34039
563,Pedro,Romero,Científico de Datos,Salamanca,28909
564,Raúl,Pérez,DevOps Engineer,Málaga,41453
565,Laura,Martínez,DevOps Engineer,Granada,42351
566,Fernando,Gómez,Desarrollador Frontend,Barcelona,38381
567,Jorge,Díaz,Desarrollador Backend,Granada,44558
568,Isabel,Navarro,Científico de Datos,Bilbao,21048
569,Pedro,Martínez,Desarrollador Backend,Zaragoza,46256
570,Carlos,Jiménez,Ingeniero de Software,Zaragoza,46313
571,Raúl,Muñoz,DevOps Engineer,Málaga,48260
572,Luis,Navarro,Ingeniero de Software,Salamanca,25253
573,María,García,Científico de Datos,Barcelona,30808
574,Fernando,Gómez,Desarrollador Backend,Málaga,41462
575,Jorge,Muñoz,Desarrollador Backend,Salamanca,30894
576,Juan,Torres,Desarrollador Frontend,Barcelona,45349
577,Raúl,Moreno,Desarrollador Backend,Sevilla,45219
578,Sofía,Hernández,DevOps Engineer,Málaga,37553
579,María,López,Desarrollador Backend,Bilbao,20136
580,Luis,Navarro,DevOps Engineer,Salamanca,31646
581,Andrés,Navarro,Científico de Datos,Zaragoza,45066
582,Clara,Díaz,DevOps Engineer,Sevilla,35543
583,Luis,Martín,Ingeniero de Software,Granada,29131
584,Ana,Navarro,Desarrollador Backend,Barcelona,21329
585,María,Moreno,Desarrollador Backend,Granada,22362
586,Diego,Muñoz,DevOps Engineer,Valencia,32414
587,Carlos,Sánchez,Desarrollador Frontend,Madrid,37025
588,Carmen,Fernández,Científico de Datos,Madrid,32543
589,Laura,Muñoz,Desarrollador Backend,Salamanca,25267
590,Pedro,Moreno,Científico de Datos,Zaragoza,25126
591,Miguel,Navarro,DevOps Engineer,Bilbao,49327
592,Luis,Torres,Desarrollador Frontend,Barcelona,30115
593,Diego,Martín,Ingeniero de Software,Granada,26530
594,Ana,Díaz,Ingeniero de Software,Granada,26323
595,Lucía,Álvarez,Científico de Datos,Salamanca,19965
596,Elena,Fernández,DevOps Engineer,Zaragoza,19261
597,Laura,Fernández,DevOps Engineer,Salamanca,27849
598,Sofía,Romero,Ingeniero de Software,Zaragoza,22966
599,Fernando,Alonso,DevOps Engineer,Bilbao,49409
600,Carlos,Pérez,Desarrollador Frontend,Sevilla,45509
601,Raúl,Gutiérrez,Desarrollador Backend,Bilbao,29085
602,Clara,López,DevOps Engineer,Granada,36187
603,Paula,Martín,Científico de Datos,Zaragoza,37444
604,Diego,Muñoz,Científico de Datos,Barcelona,27440
605,Elena,Sánchez,DevOps Engineer,Bilbao,43185
606,Isabel,Sánchez,DevOps Engineer,Zaragoza,19330
607,Pedro,Ruiz,Desarrollador Backend,Granada,44545
608,Carlos,Jiménez,Ingeniero de Software,Toledo,44461
609,Lucía,Alonso,DevOps Engineer,Granada,20382
610,Laura,Pérez,DevOps Engineer,Barcelona,33808
611,Sofía,Romero,Científico de Datos,Valencia,22414
612,Elena,Díaz,Ingeniero de Software,Madrid,29824
613,Clara,Martín,Desarrollador Frontend,Sevilla,28564
614,Raúl,Navarro,Científico de Datos,Málaga,43296
615,Isabel,Ruiz,Ingeniero de Software,Granada,25882
616,Juan,Martín,Ingeniero de Software,Valencia,43897
617,Ana,Ruiz,DevOps Engineer,Granada,31664
618,Laura,Díaz,Ingeniero de Software,Toledo,27841
619,Isabel,Martín,Desarrollador Frontend,Valencia,29011
620,Andrés,Álvarez,Desarrollador Frontend,Valencia,29061
621,Laura,Martínez,Desarrollador Frontend,Granada,43575
622,Carlos,Sánchez,Desarrollador Backend,Bilbao,46596
623,Raúl,Navarro,Científico de Datos,Sevilla,18909
624,Fernando,Ruiz,DevOps Engineer,Málaga,45297
625,Juan,Hernández,Científico de Datos,Salamanca,45918
626,Raúl,García,Ingeniero de Software,Valencia,29537
627,Raúl,Ruiz,Científico de Datos,Málaga,23149
628,María,Navarro,Científico de Datos,Valencia,40613
629,Carmen,Martínez,DevOps Engineer,Granada,34755
630,Luis,Hernández,DevOps Engineer,Granada,25392
631,Clara,Sánchez,Desarrollador Backend,Valencia,47595
632,Sofía,Jiménez,Desarrollador Backend,Salamanca,29186
633,Raúl,García,Ingeniero de Software,Bilbao,41830
634,Juan,Navarro,Científico de Datos,Toledo,25926
635,Jorge,Navarro,DevOps Engineer,Málaga,32222
636,Ana,Pérez,Desarrollador Backend,Granada,39080
637,Diego,Martín,Desarrollador Backend,Granada,46248
638,Elena,López,Desarrollador Backend,Bilbao,22515
639,Clara,López,Ingeniero de Software,Zaragoza,24224
640,Elena,Díaz,Desarrollador Frontend,Valencia,46012
641,Fernando,Fernández,Desarrollador Backend,Sevilla,38898
642,Clara,Jiménez,Desarrollador Frontend,Madrid,44181
643,Fernando,García,Ingeniero de Software,Valencia,34905
644,Carlos,Jiménez,Ingeniero de Software,Zaragoza,32883
645,María,Navarro,Científico de Datos,Granada,27553
646,Lucía,Díaz,Desarrollador Frontend,Zaragoza,36272
647,Luis,Martínez,DevOps Engineer,Granada,46811
648,Ana,Díaz,Científico de Datos,Granada,46043
649,Isabel,Alonso,Desarrollador Backend,Málaga,37685
650,Raúl,Sánchez,Desarrollador Frontend,Barcelona,32912
651,Pedro,López,Desarrollador Backend,Bilbao,36018
652,Isabel,Romero,Desarrollador Frontend,Málaga,27489
653,Miguel,Jiménez,Desarrollador Frontend,Salamanca,34495
654,Carlos,Pérez,Ingeniero de Software,Barcelona,39558
655,Luis,Jiménez,DevOps Engineer,Bilbao,38239
656,Isabel,Díaz,DevOps Engineer,Madrid,31807
657,María,Álvarez,Desarrollador Frontend,Barcelona,47558
658,Paula,Díaz,DevOps Engineer,Granada,35184
659,Pedro,Gómez,Ingeniero de Software,Sevilla,29556
660,Juan,García,Ingeniero de Software,Madrid,30835
661,Carmen,Pérez,Desarrollador Backend,Valencia,49850
662,Carmen,Sánchez,Desarrollador Backend,Madrid,29068
663,Andrés,Gómez,Desarrollador Backend,Salamanca,31820
664,Clara,Díaz,DevOps Engineer,Málaga,38690
665,Ana,Romero,Desarrollador Frontend,Málaga,38079
666,Carmen,Gómez,Desarrollador Frontend,Sevilla,42691
667,Raúl,Fernández,Científico de Datos,Madrid,44827
668,Jorge,Navarro,Desarrollador Backend,Toledo,32269
669,Jorge,Gómez,Ingeniero de Software,Madrid,44219
670,Pedro,López,Ingeniero de Software,Granada,48907
671,Miguel,Álvarez,Ingeniero de Software,Zaragoza,43908
672,Pedro,Gutiérrez,Científico de Datos,Málaga,45819
673,Isabel,Jiménez,DevOps Engineer,Toledo,39281
674,María,Fernández,Desarrollador Frontend,Salamanca,37195
675,Juan,Pérez,Desarrollador Backend,Zaragoza,31372
676,Isabel,Álvarez,Desarrollador Backend,Valencia,29291
677,Sofía,Romero,Científico de Datos,Zaragoza,34947
678,Paula,Álvarez,Científico de Datos,Toledo,24835
679,Sofía,García,Desarrollador Frontend,Granada,19522
680,Clara,Fernández,DevOps Engineer,Valencia,30721
681,Juan,Navarro,Ingeniero de Software,Toledo,37540
682,Paula,Díaz,DevOps Engineer,Valencia,32279
683,Miguel,García,Desarrollador Frontend,Zaragoza,34557
684,Fernando,Hernández,Desarrollador Backend,Madrid,49458
685,Isabel,Romero,Desarrollador Backend,Sevilla,18437
686,Clara,Ruiz,Desarrollador Backend,Málaga,26682
687,Elena,Gutiérrez,Desarrollador Backend,Bilbao,38941
688,Jorge,García,Desarrollador Backend,Bilbao,33031
689,Raúl,Ruiz,Ingeniero de Software,Toledo,46660
690,Juan,Ruiz,DevOps Engineer,Sevilla,25982
691,Juan,Romero,Ingeniero de Software,Toledo,32060
692,Isabel,Álvarez,Ingeniero de Software,Granada,42071
693,Andrés,Gómez,Científico de Datos,Málaga,28384
694,Jorge,Navarro,Científico de Datos,Sevilla,28908
695,Elena,López,DevOps Engineer,Zaragoza,37233
696,Carmen,Gutiérrez,Desarrollador Backend,Valencia,47705
697,Ana,García,DevOps Engineer,Valencia,33143
698,Fernando,Gutiérrez,Ingeniero de Software,Granada,49219
699,María,García,Científico de Datos,Barcelona,37378
700,Laura,Alonso,Científico de Datos,Toledo,22276
701,Lucía,Hernández,Científico de Datos,Málaga,32882
702,Luis,Hernández,Científico de Datos,Madrid,36561
703,Carlos,Muñoz,Ingeniero de Software,Zaragoza,23562
704,Diego,Díaz,Desarrollador Frontend,Zaragoza,42234
705,Ana,Martínez,Ingeniero de Software,Sevilla,33455
706,Laura,Alonso,DevOps Engineer,Sevilla,18612
707,Jorge,Torres,Desarrollador Backend,Málaga,19193
708,Isabel,Moreno,DevOps Engineer,Granada,37825
709,Isabel,Gutiérrez,Científico de Datos,Málaga,45454
710,Carlos,Sánchez,DevOps Engineer,Toledo,26992
711,Laura,Navarro,Desarrollador Frontend,Zaragoza,23217
712,Paula,Alonso,Desarrollador Frontend,Valencia,36877
713,Laura,Hernández,Científico de Datos,Bilbao,47661
714,Fernando,Ruiz,Desarrollador Backend,Málaga,20512
715,Elena,Jiménez,Desarrollador Frontend,Barcelona,35193
716,Luis,Martín,Desarrollador Frontend,Salamanca,42873
717,Clara,López,Ingeniero de Software,Zaragoza,34015
718,Carmen,Torres,Desarrollador Backend,Bilbao,44904
719,Isabel,Ruiz,Científico de Datos,Granada,48264
720,Sofía,Sánchez,Científico de Datos,Barcelona,40582
721,Carlos,Muñoz,Desarrollador Backend,Toledo,33541
722,Diego,Pérez,Desarrollador Backend,Toledo,43062
723,María,Romero,Ingeniero de Software,Bilbao,42990
724,Laura,Gutiérrez,Desarrollador Frontend,Madrid,30533
725,Pedro,Hernández,Científico de Datos,Sevilla,18671
726,Carmen,Romero,Desarrollador Backend,Granada,29838
727,Jorge,Torres,Desarrollador Backend,Zaragoza,48474
728,Pedro,Sánchez,Desarrollador Frontend,Toledo,24922
729,Carmen,García,Desarrollador Frontend,Bilbao,30154
730,Fernando,Martín,Desarrollador Backend,Toledo,22555
731,Paula,García,Científico de Datos,Granada,32086
732,Raúl,Gómez,Científico de Datos,Barcelona,24778
733,Andrés,Hernández,DevOps Engineer,Barcelona,19940
734,Miguel,Alonso,Ingeniero de Software,Salamanca,21938
735,Luis,García,DevOps Engineer,Madrid,36944
736,Paula,Álvarez,DevOps Engineer,Salamanca,18264
737,Ana,Gómez,Desarrollador Frontend,Barcelona,22469
738,Clara,Moreno,Ingeniero de Software,Zaragoza,46953
739,Sofía,Pérez,Ingeniero de Software,Madrid,46283
740,Carmen,Díaz,Desarrollador Backend,Toledo,31521
741,Isabel,Torres,Desarrollador Backend,Zaragoza,48486
742,Juan,Pérez,Desarrollador Frontend,Barcelona,28504
743,Elena,García,DevOps Engineer,Valencia,40809
744,Sofía,Torres,Desarrollador Frontend,Toledo,23199
745,Fernando,García,Desarrollador Backend,Barcelona,27696
746,Carmen,Martín,DevOps Engineer,Zaragoza,38627
747,Sofía,Álvarez,Desarrollador Frontend,Valencia,37011
748,Ana,Muñoz,Desarrollador Backend,Málaga,33017
749,Miguel,Álvarez,Ingeniero de Software,Toledo,33611
750,Elena,Ruiz,Ingeniero de Software,Madrid,45133
751,María,Pérez,Ingeniero de Software,Granada,49673
752,Raúl,Martín,DevOps Engineer,Sevilla,29430
753,Fernando,Martín,Desarrollador Frontend,Bilbao,42318
754,Clara,Muñoz,Desarrollador Backend,Barcelona,20654
755,Diego,López,Científico de Datos,Bilbao,35300
756,Laura,López,DevOps Engineer,Barcelona,46121
757,Clara,Jiménez,Científico de Datos,Valencia,38580
758,Fernando,Díaz,Científico de Datos,Málaga,38332
759,Diego,Díaz,Científico de Datos,Málaga,23393
760,Diego,García,Desarrollador Frontend,Toledo,29776
761,Jorge,Alonso,Científico de Datos,Granada,49527
762,Miguel,Hernández,DevOps Engineer,Bilbao,29521
763,Sofía,Torres,Desarrollador Backend,Bilbao,42616
764,Sofía,Álvarez,Desarrollador Frontend,Málaga,29748
765,Luis,Ruiz,DevOps Engineer,Madrid,37222
766,Clara,Torres,Desarrollador Frontend,Toledo,45884
767,Sofía,Álvarez,Desarrollador Backend,Madrid,30102
768,Raúl,Pérez,DevOps Engineer,Salamanca,46910
769,Raúl,López,Científico de Datos,Sevilla,24714
770,Andrés,Moreno,Desarrollador Backend,Sevilla,33657
771,Clara,Álvarez,Desarrollador Frontend,Granada,41937
772,Laura,Sánchez,DevOps Engineer,Madrid,29460
773,Elena,Sánchez,DevOps Engineer,Toledo,22293
774,Fernando,López,Ingeniero de Software,Valencia,21539
775,Laura,Jiménez,Desarrollador Frontend,Málaga,32973
776,Ana,Torres,Científico de Datos,Toledo,35881
777,Laura,Sánchez,DevOps Engineer,Barcelona,23356
778,Fernando,Ruiz,Desarrollador Frontend,Sevilla,19320
779,Carmen,Fernández,Desarrollador Backend,Salamanca,32918
780,Elena,Navarro,DevOps Engineer,Bilbao,46444
781,Raúl,García,Desarrollador Frontend,Granada,18234
782,Laura,Navarro,Desarrollador Backend,Salamanca,45742
783,Raúl,Muñoz,Ingeniero de Software,Sevilla,18057
784,Jorge,Sánchez,Desarrollador Frontend,Salamanca,37589
785,Clara,Romero,Desarrollador Backend,Valencia,24243
786,Carlos,López,Científico de Datos,Madrid,28805
787,Miguel,García,Científico de Datos,Zaragoza,45431
788,Miguel,Fernández,DevOps Engineer,Madrid,36571
789,Laura,Navarro,Científico de Datos,Zaragoza,31307
790,Raúl,Muñoz,Desarrollador Frontend,Salamanca,44283
791,Miguel,Martín,Científico de Datos,Bilbao,29596
792,Laura,Jiménez,Científico de Datos,Zaragoza,42885
793,Laura,Ruiz,Desarrollador Frontend,Sevilla,36147
794,Sofía,Díaz,Desarrollador Frontend,Toledo,24267
795,Carmen,Torres,Científico de Datos,Barcelona,28609
796,Diego,Alonso,Científico de Datos,Barcelona,49600
797,Pedro,Jiménez,Desarrollador Backend,Granada,26949
798,Isabel,Álvarez,Desarrollador Frontend,Sevilla,21344
799,Miguel,García,Científico de Datos,Toledo,32987
800,Miguel,Torres,DevOps Engineer,Bilbao,25119
801,Pedro,Ruiz,Desarrollador Backend,Salamanca,29072
802,Sofía,Díaz,Ingeniero de Software,Toledo,31859
803,Isabel,Álvarez,DevOps Engineer,Madrid,27546
804,Ana,Ruiz,Científico de Datos,Granada,31803
805,Miguel,Muñoz,Ingeniero de Software,Bilbao,44989
806,Luis,Navarro,DevOps Engineer,Málaga,19763
807,Raúl,Sánchez,Científico de Datos,Toledo,28720
808,Clara,Martínez,Desarrollador Frontend,Madrid,46510
809,Carmen,Navarro,Científico de Datos,Barcelona,22364
810,Sofía,Torres,Ingeniero de Software,Sevilla,31644
811,Jorge,Hernández,DevOps Engineer,Málaga,39336
812,Juan,López,Desarrollador Backend,Málaga,46187
813,Lucía,Álvarez,Desarrollador Backend,Bilbao,45256
814,Andrés,Martínez,Desarrollador Frontend,Madrid,37490
815,Lucía,Romero,Científico de Datos,Málaga,36085
816,Carlos,Díaz,Científico de Datos,Toledo,19509
817,Raúl,Martín,DevOps Engineer,Toledo,30423
818,Jorge,Martín,Científico de Datos,Granada,32836
819,Lucía,Jiménez,Desarrollador Frontend,Barcelona,46815
820,Laura,Alonso,Desarrollador Backend,Bilbao,29060
821,Ana,Martínez,Desarrollador Backend,Granada,48751
822,Raúl,Muñoz,Desarrollador Frontend,Valencia,21106
823,Jorge,Fernández,Científico de Datos,Granada,20123
824,Paula,Fernández,Ingeniero de Software,Madrid,34467
825,Clara,Sánchez,DevOps Engineer,Málaga,18240
826,Pedro,Martínez,Desarrollador Backend,Barcelona,45063
827,Diego,Álvarez,Ingeniero de Software,Sevilla,42768
828,Luis,López,Científico de Datos,Bilbao,35157
829,Carlos,Navarro,DevOps Engineer,Valencia,28115
830,Paula,Navarro,Ingeniero de Software,Granada,41513
831,Lucía,Álvarez,Científico de Datos,Sevilla,31408
832,Elena,Martínez,DevOps Engineer,Valencia,39947
833,Raúl,Navarro,Científico de Datos,Barcelona,48816
834,Andrés,Fernández,Desarrollador Backend,Granada,34295
835,Luis,Romero,Desarrollador Backend,Madrid,27394
836,Lucía,García,Científico de Datos,Salamanca,46455
837,Carlos,Pérez,DevOps Engineer,Sevilla,29214
838,Lucía,Alonso,Desarrollador Backend,Zaragoza,39664
839,Raúl,Martínez,Ingeniero de Software,Zaragoza,21237
840,Paula,Alonso,DevOps Engineer,Granada,32688
841,Raúl,Pérez,Desarrollador Backend,Barcelona,48582
842,Diego,Pérez,Ingeniero de Software,Barcelona,48383
843,Diego,Álvarez,Ingeniero de Software,Valencia,33337
844,Juan,Ruiz,Ingeniero de Software,Valencia,44877
845,Jorge,Ruiz,Ingeniero de Software,Granada,48836
846,Carlos,Martínez,Ingeniero de Software,Madrid,37074
847,Sofía,Torres,Ingeniero de Software,Málaga,20677
848,Carmen,García,Ingeniero de Software,Salamanca,22593
849,Ana,Gutiérrez,Desarrollador Frontend,Granada,37719
850,Diego,Pérez,Desarrollador Frontend,Málaga,47645
851,Miguel,García,Ingeniero de Software,Zaragoza,48742
852,Clara,Torres,DevOps Engineer,Sevilla,40050
853,Clara,Gutiérrez,Científico de Datos,Granada,33847
854,Isabel,Martínez,Desarrollador Frontend,Granada,26073
855,Raúl,Ruiz,Desarrollador Backend,Málaga,35329
856,Andrés,Pérez,Desarrollador Backend,Sevilla,46231
857,Pedro,Moreno,Ingeniero de Software,Sevilla,24159
858,Clara,López,DevOps Engineer,Málaga,18472
859,Diego,Martínez,Científico de Datos,Granada,33775
860,Juan,Hernández,DevOps Engineer,Málaga,47214
861,Elena,Martín,Desarrollador Backend,Valencia,28842
862,Isabel,Romero,Desarrollador Backend,Salamanca,27685
863,Laura,García,DevOps Engineer,Granada,18732
864,Raúl,Álvarez,Científico de Datos,Málaga,38288
865,Andrés,Gómez,DevOps Engineer,Sevilla,44552
866,Diego,Muñoz,Ingeniero de Software,Madrid,29828
867,Jorge,Pérez,Desarrollador Backend,Sevilla,35834
868,Lucía,Díaz,Ingeniero de Software,Salamanca,27495
869,Diego,Romero,Ingeniero de Software,Salamanca,35975
870,Fernando,Martínez,Desarrollador Backend,Salamanca,47966
871,Lucía,Jiménez,Científico de Datos,Madrid,47579
872,Lucía,Sánchez,DevOps Engineer,Barcelona,28539
873,Isabel,Torres,Desarrollador Backend,Barcelona,28058
874,Raúl,Ruiz,Desarrollador Backend,Málaga,29040
875,Sofía,Gómez,DevOps Engineer,Bilbao,21442
876,Laura,Romero,Desarrollador Backend,Salamanca,49512
877,María,García,DevOps Engineer,Toledo,28004
878,Lucía,Ruiz,DevOps Engineer,Toledo,23712
879,Clara,Martín,Ingeniero de Software,Sevilla,26670
880,Juan,Pérez,Desarrollador Frontend,Zaragoza,21975
881,Lucía,Torres,Desarrollador Backend,Madrid,24000
882,Juan,Martínez,Desarrollador Frontend,Barcelona,19142
883,Lucía,López,Desarrollador Frontend,Granada,33533
884,Elena,Martínez,Científico de Datos,Sevilla,25704
885,Juan,Pérez,Científico de Datos,Sevilla,30897
886,Miguel,Sánchez,DevOps Engineer,Barcelona,32705
887,Andrés,Martínez,Científico de Datos,Madrid,28639
888,Ana,López,DevOps Engineer,Salamanca,32882
889,Raúl,Martín,Desarrollador Frontend,Madrid,41041
890,Pedro,Pérez,DevOps Engineer,Salamanca,23812
891,Ana,Martín,Desarrollador Frontend,Granada,20179
892,Pedro,Moreno,Ingeniero de Software,Málaga,42682
893,Carmen,Navarro,DevOps Engineer,Valencia,35157
894,Andrés,Jiménez,Científico de Datos,Valencia,35843
895,Jorge,Hernández,Científico de Datos,Salamanca,44964
896,María,Hernández,Desarrollador Backend,Madrid,49429
897,Laura,Pérez,DevOps Engineer,Málaga,21768
898,Jorge,Ruiz,DevOps Engineer,Granada,23305
899,Isabel,López,Científico de Datos,Bilbao,22862
900,Pedro,Torres,DevOps Engineer,Barcelona,32508
901,Isabel,Moreno,Desarrollador Frontend,Barcelona,46533
902,Carmen,Álvarez,Ingeniero de Software,Barcelona,29901
903,Ana,Álvarez,Desarrollador Frontend,Granada,38540
904,Pedro,Ruiz,Ingeniero de Software,Salamanca,40754
905,Isabel,Jiménez,Científico de Datos,Sevilla,21560
906,Miguel,Ruiz,Desarrollador Backend,Barcelona,37166
907,Raúl,Jiménez,DevOps Engineer,Salamanca,22657
908,Paula,Álvarez,DevOps Engineer,Sevilla,22791
909,Andrés,Martín,Ingeniero de Software,Málaga,27296
910,María,Martínez,Científico de Datos,Sevilla,22670
911,Pedro,Romero,Ingeniero de Software,Málaga,48449
912,Carlos,Muñoz,Científico de Datos,Sevilla,38893
913,Ana,Ruiz,Científico de Datos,Valencia,35907
914,Juan,Alonso,Científico de Datos,Toledo,43240
915,Elena,Martínez,Ingeniero de Software,Bilbao,31600
916,Pedro,Hernández,Desarrollador Frontend,Málaga,47619
917,Juan,Gómez,Desarrollador Backend,Madrid,20875
918,Andrés,García,DevOps Engineer,Toledo,30876
919,Carlos,Pérez,Desarrollador Frontend,Toledo,48091
920,Lucía,Torres,Ingeniero de Software,Bilbao,31513
921,Diego,Torres,DevOps Engineer,Zaragoza,43746
922,Clara,Hernández,DevOps Engineer,Sevilla,18737
923,Isabel,García,Desarrollador Frontend,Zaragoza,43522
924,Carmen,Gómez,Ingeniero de Software,Barcelona,40377
925,Miguel,Martínez,Desarrollador Frontend,Bilbao,43966
926,Fernando,Alonso,Ingeniero de Software,Granada,25826
927,Juan,Ruiz,Desarrollador Frontend,Granada,46399
928,Elena,García,Desarrollador Backend,Valencia,19954
929,Pedro,Ruiz,DevOps Engineer,Madrid,37448
930,Laura,Pérez,Científico de Datos,Valencia,36066
931,Miguel,Gómez,Ingeniero de Software,Sevilla,25255
932,Sofía,Romero,Desarrollador Backend,Madrid,18128
933,Raúl,Jiménez,Desarrollador Frontend,Barcelona,25157
934,Carmen,García,Desarrollador Frontend,Barcelona,23847
935,Carmen,Fernández,Desarrollador Frontend,Salamanca,36163
936,Pedro,Fernández,Científico de Datos,Barcelona,44407
937,Sofía,Gutiérrez,Desarrollador Backend,Valencia,40544
938,Juan,Moreno,Desarrollador Backend,Sevilla,45948
939,Ana,Pérez,Ingeniero de Software,Sevilla,25043
940,Diego,López,Científico de Datos,Málaga,40652
941,Carlos,Díaz,Ingeniero de Software,Toledo,18767
942,Paula,Torres,Desarrollador Frontend,Madrid,23485
943,Carlos,García,Ingeniero de Software,Zaragoza,21608
944,Diego,Díaz,Desarrollador Frontend,Madrid,35483
945,Diego,Torres,Científico de Datos,Toledo,44431
946,María,Navarro,Desarrollador Backend,Barcelona,22753
947,Diego,Ruiz,Desarrollador Backend,Sevilla,24035
948,Luis,Sánchez,DevOps Engineer,Málaga,30323
949,María,Alonso,Científico de Datos,Málaga,45510
950,Laura,Muñoz,Desarrollador Backend,Madrid,37715
951,Paula,Hernández,Desarrollador Frontend,Salamanca,49391
952,Carmen,Romero,Ingeniero de Software,Zaragoza,39270
953,Carlos,Torres,Científico de Datos,Toledo,19618
954,Jorge,Muñoz,Desarrollador Backend,Valencia,49017
955,Ana,Díaz,Ingeniero de Software,Zaragoza,42285
956,Laura,López,DevOps Engineer,Valencia,33124
957,Diego,Gómez,Científico de Datos,Madrid,45478
958,Juan,Hernández,Científico de Datos,Zaragoza,42597
959,Paula,Muñoz,Científico de Datos,Zaragoza,26509
960,Fernando,Muñoz,DevOps Engineer,Sevilla,29304
961,Jorge,Fernández,DevOps Engineer,Málaga,26345
962,Fernando,Romero,Desarrollador Backend,Salamanca,44844
963,Ana,Muñoz,DevOps Engineer,Toledo,37487
964,Carlos,Álvarez,DevOps Engineer,Salamanca,19680
965,Diego,Hernández,Ingeniero de Software,Barcelona,38900
966,Lucía,Navarro,Desarrollador Backend,Granada,18446
967,Juan,Álvarez,Científico de Datos,Toledo,23184
968,Elena,Hernández,Científico de Datos,Zaragoza,26073
969,Raúl,Romero,Desarrollador Frontend,Zaragoza,20302
970,Juan,García,Desarrollador Backend,Málaga,27247
971,Diego,Moreno,Ingeniero de Software,Salamanca,34625
972,Luis,Gutiérrez,Desarrollador Frontend,Málaga,32389
973,Carmen,García,Ingeniero de Software,Barcelona,30301
974,María,García,Desarrollador Frontend,Sevilla,46051
975,Sofía,Pérez,Científico de Datos,Salamanca,35681
976,María,López,Desarrollador Frontend,Sevilla,39090
977,Isabel,Fernández,Ingeniero de Software,Bilbao,30464
978,Raúl,Pérez,Científico de Datos,Granada,36497
979,Jorge,Fernández,Desarrollador Frontend,Sevilla,18955
980,Luis,Pérez,Desarrollador Frontend,Valencia,25487
981,Carmen,Pérez,DevOps Engineer,Sevilla,21457
982,Miguel,Fernández,Ingeniero de Software,Málaga,28034
983,Laura,Hernández,Ingeniero de Software,Zaragoza,20497
984,Carmen,Gómez,DevOps Engineer,Barcelona,33381
985,Juan,Moreno,Desarrollador Backend,Barcelona,49422
986,Pedro,Álvarez,Desarrollador Frontend,Toledo,21110
987,Isabel,Gutiérrez,Ingeniero de Software,Granada,26348
988,Laura,López,Ingeniero de Software,Granada,24507
989,María,Fernández,Ingeniero de Software,Madrid,49666
990,Juan,Navarro,Desarrollador Backend,Valencia,38219
991,Diego,Álvarez,Ingeniero de Software,Toledo,49324
992,Andrés,Jiménez,DevOps Engineer,Barcelona,21348
993,,Díaz,Ingeniero de Software,Zaragoza,33256
994,María,Gutiérrez,Ingeniero de Software,Toledo,47489
995,Miguel,Sánchez,Desarrollador Frontend,Toledo,
996,Diego,Sánchez,Desarrollador Backend,Valencia,26708
997,Carmen,Martínez,Ingeniero de Software,Málaga,
998,Lucía,Díaz,Desarrollador Frontend,Barcelona,36404
999,Carmen,Muñoz,Desarrollador Backend,Toledo,45454
1000,Miguel,Navarro,Científico de Datos,Salamanca,22225
1001,Lucía,Martín,Desarrollador Backend,Bilbao,42855